{"text": " \u06cc\u06c1 \u0633\u0627\u0644 Gughal Interviews \u0645\u06cc\u06ba \u0622\u0626\u06d2 \u062a\u06be\u0627 \u062f\u06cc\u06a9\u06be\u062a\u06d2 \u0622\u067e \u0628\u062a\u0627 \u067e\u0627\u06c1\u062a\u06d2 \u06a9\u06cc\u0627 \u0627\u06cc\u06a9 \u0644\u0646\u0645 \u0628\u06cc\u0633\u06cc \u0628\u0644\u0679\u0646\u06af \u06c1\u06d2 \u062c\u0633 \u06a9\u06d2 \u0627\u0648\u067e\u0631 \u0633\u0648\u0645 \u0627\u0646\u0632\u0644\u06d2 \u06c1\u06cc\u06ba \u06cc\u0639\u0646\u06cc \u0627\u0633 \u06a9\u06d2 Floods 1 \u0633\u06d2 \u0644\u06cc\u06a9\u0631 100 \u062a\u06a9 \u062c\u0627\u062a\u06d2 \u06c1\u06cc\u06ba \u0627\u0628 \u0627\u0633 \u06a9\u06d2 \u0627\u0646\u062f\u0631 \u0627\u06cc\u06a9 SPECIAL FLOWR \u06c1\u06d2 N NUMBERWALA \u0627\u0633 FLOWR \u0633\u06d2 \u06a9\u0686\u06be \u0628\u06be\u06cc \u0627\u06af\u0631 \u06af\u0631\u06d2 \u06af\u0627 \u062a\u0648 \u0648\u06c1 \u0679\u0648\u0679 \u062c\u0627\u0626\u06d2 \u06af\u0627 \u0644\u06cc\u06a9\u0646 \u0627\u0633 \u06a9\u06d2 \u0646\u06cc\u0686\u06d2 \u0648\u0627\u0644\u06d2 FLOWR \u0633\u06d2 \u0627\u06af\u0631 \u06af\u0631\u06d2 \u06af\u0627 \u062a\u0648 \u0646\u06c1\u06cc\u06ba \u0679\u0648\u0679 \u062c\u0627\u0626\u06d2 \u06af\u0627 \u0627\u0648\u0631 \u06c1\u0645\u06cc\u06ba \u06a9\u06cc\u0627 \u062f\u06cc\u0627 \u06c1\u06d2 \u06c1\u0645\u06cc\u06ba \u062f\u06cc\u0648\u06ba\u06cc\u06ba 2 SPECIAL UNDER \u062c\u0648 \u0627\u06af\u0631 NNNNNNNNNNNNNNNNNNNNNNNNNNNNNNNNNNNNNNNNNNNNNNNNNNNNNNNNNNNNNNNNNNNNNNNNNNNNNNNNNNNNNNNNNNNNNNNNNNNNNNNNNNNNNNNNNNNNNNNNNNNNNNNNNNNNNNNNNNNNNNNNNNNNNNNNNNNNNNNNNNNNNNNNNNNNNNNNNNNNNNNNNNNNNNNNNNNNNNNNNNNNNNNNNNNNNNNNNN", "segments": [{"id": 0, "seek": 0, "start": 0.0, "end": 3.2800000000000002, "text": " \u06cc\u06c1 \u0633\u0627\u0644 Gughal Interviews \u0645\u06cc\u06ba \u0622\u0626\u06d2 \u062a\u06be\u0627 \u062f\u06cc\u06a9\u06be\u062a\u06d2 \u0622\u067e \u0628\u062a\u0627 \u067e\u0627\u06c1\u062a\u06d2 \u06a9\u06cc\u0627", "tokens": [50364, 35324, 8608, 6027, 460, 1984, 304, 35599, 82, 27875, 19753, 19986, 7369, 41924, 995, 11778, 29325, 14268, 2655, 7369, 46201, 39894, 995, 21453, 995, 6354, 2655, 7369, 23180, 995, 50528], "temperature": 0.0, "avg_logprob": -0.4712564425998264, "compression_ratio": 1.834319526627219, "no_speech_prob": 0.018989544361829758}, {"id": 1, "seek": 0, "start": 3.2800000000000002, "end": 6.28, "text": " \u0627\u06cc\u06a9 \u0644\u0646\u0645 \u0628\u06cc\u0633\u06cc \u0628\u0644\u0679\u0646\u06af \u06c1\u06d2 \u062c\u0633 \u06a9\u06d2 \u0627\u0648\u067e\u0631 \u0633\u0648\u0645 \u0627\u0646\u0632\u0644\u06d2 \u06c1\u06cc\u06ba", "tokens": [50528, 1975, 29325, 5296, 1863, 2304, 4724, 4135, 3794, 4135, 4724, 1211, 37130, 1863, 16761, 23905, 10874, 3794, 24049, 1975, 2407, 27779, 2288, 8608, 20498, 16472, 11622, 1211, 7369, 38904, 50678], "temperature": 0.0, "avg_logprob": -0.4712564425998264, "compression_ratio": 1.834319526627219, "no_speech_prob": 0.018989544361829758}, {"id": 2, "seek": 0, "start": 6.28, "end": 9.28, "text": " \u06cc\u0639\u0646\u06cc \u0627\u0633 \u06a9\u06d2 Floods 1 \u0633\u06d2 \u0644\u06cc\u06a9\u0631 100 \u062a\u06a9 \u062c\u0627\u062a\u06d2 \u06c1\u06cc\u06ba", "tokens": [50678, 25429, 3615, 1863, 4135, 24525, 24049, 15153, 19768, 502, 34190, 5296, 29325, 2288, 2319, 6055, 6007, 10874, 9307, 7369, 38904, 50828], "temperature": 0.0, "avg_logprob": -0.4712564425998264, "compression_ratio": 1.834319526627219, "no_speech_prob": 0.018989544361829758}, {"id": 3, "seek": 0, "start": 9.28, "end": 12.280000000000001, "text": " \u0627\u0628 \u0627\u0633 \u06a9\u06d2 \u0627\u0646\u062f\u0631 \u0627\u06cc\u06a9 SPECIAL FLOWR \u06c1\u06d2 N NUMBERWALA", "tokens": [50828, 48127, 24525, 24049, 16472, 3215, 2288, 1975, 29325, 37173, 25240, 3427, 24720, 5769, 49, 23905, 426, 426, 14340, 11074, 54, 3427, 32, 50978], "temperature": 0.0, "avg_logprob": -0.4712564425998264, "compression_ratio": 1.834319526627219, "no_speech_prob": 0.018989544361829758}, {"id": 4, "seek": 0, "start": 12.280000000000001, "end": 15.02, "text": " \u0627\u0633 FLOWR \u0633\u06d2 \u06a9\u0686\u06be \u0628\u06be\u06cc \u0627\u06af\u0631 \u06af\u0631\u06d2 \u06af\u0627 \u062a\u0648 \u0648\u06c1 \u0679\u0648\u0679 \u062c\u0627\u0626\u06d2 \u06af\u0627", "tokens": [50978, 24525, 24720, 5769, 49, 34190, 7565, 24061, 14268, 4724, 36078, 1975, 16761, 2288, 28697, 2288, 7369, 28697, 995, 33427, 44291, 1447, 117, 2407, 37130, 10874, 16373, 7369, 28697, 995, 51115], "temperature": 0.0, "avg_logprob": -0.4712564425998264, "compression_ratio": 1.834319526627219, "no_speech_prob": 0.018989544361829758}, {"id": 5, "seek": 0, "start": 15.02, "end": 18.38, "text": " \u0644\u06cc\u06a9\u0646 \u0627\u0633 \u06a9\u06d2 \u0646\u06cc\u0686\u06d2 \u0648\u0627\u0644\u06d2 FLOWR \u0633\u06d2 \u0627\u06af\u0631 \u06af\u0631\u06d2 \u06af\u0627 \u062a\u0648 \u0646\u06c1\u06cc\u06ba \u0679\u0648\u0679 \u062c\u0627\u0626\u06d2 \u06af\u0627", "tokens": [51115, 5296, 29325, 1863, 24525, 24049, 8717, 4135, 24061, 7369, 16070, 7369, 24720, 5769, 49, 34190, 1975, 16761, 2288, 28697, 2288, 7369, 28697, 995, 33427, 50194, 1447, 117, 2407, 37130, 10874, 16373, 7369, 28697, 995, 51283], "temperature": 0.0, "avg_logprob": -0.4712564425998264, "compression_ratio": 1.834319526627219, "no_speech_prob": 0.018989544361829758}, {"id": 6, "seek": 0, "start": 18.38, "end": 21.580000000000002, "text": " \u0627\u0648\u0631 \u06c1\u0645\u06cc\u06ba \u06a9\u06cc\u0627 \u062f\u06cc\u0627 \u06c1\u06d2 \u06c1\u0645\u06cc\u06ba \u062f\u06cc\u0648\u06ba\u06cc\u06ba 2 SPECIAL UNDER", "tokens": [51283, 32930, 12138, 2304, 14768, 23180, 995, 11778, 38849, 23905, 12138, 2304, 14768, 11778, 4135, 31320, 14768, 568, 37173, 25240, 3427, 8229, 30500, 51443], "temperature": 0.0, "avg_logprob": -0.4712564425998264, "compression_ratio": 1.834319526627219, "no_speech_prob": 0.018989544361829758}, {"id": 7, "seek": 2158, "start": 21.58, "end": 50.05, "text": " \u062c\u0648 \u0627\u06af\u0631 NNNNNNNNNNNNNNNNNNNNNNNNNNNNNNNNNNNNNNNNNNNNNNNNNNNNNNNNNNNNNNNNNNNNNNNNNNNNNNNNNNNNNNNNNNNNNNNNNNNNNNNNNNNNNNNNNNNNNNNNNNNNNNNNNNNNNNNNNNNNNNNNNNNNNNNNNNNNNNNNNNNNNNNNNNNNNNNNNNNNNNNNNNNNNNNNNNNNNNNNNNNNNNNNNNNNNNNNNN", "tokens": [50364, 10874, 2407, 1975, 16761, 2288, 426, 45, 45, 45, 45, 45, 45, 45, 45, 45, 45, 45, 45, 45, 45, 45, 45, 45, 45, 45, 45, 45, 45, 45, 45, 45, 45, 45, 45, 45, 45, 45, 45, 45, 45, 45, 45, 45, 45, 45, 45, 45, 45, 45, 45, 45, 45, 45, 45, 45, 45, 45, 45, 45, 45, 45, 45, 45, 45, 45, 45, 45, 45, 45, 45, 45, 45, 45, 45, 45, 45, 45, 45, 45, 45, 45, 45, 45, 45, 45, 45, 45, 45, 45, 45, 45, 45, 45, 45, 45, 45, 45, 45, 45, 45, 45, 45, 45, 45, 45, 45, 45, 45, 45, 45, 45, 45, 45, 45, 45, 45, 45, 45, 45, 45, 45, 45, 45, 45, 45, 45, 45, 45, 45, 45, 45, 45, 45, 45, 45, 45, 45, 45, 45, 45, 45, 45, 45, 45, 45, 45, 45, 45, 45, 45, 45, 45, 45, 45, 45, 45, 45, 45, 45, 45, 45, 45, 45, 45, 45, 45, 45, 45, 45, 45, 45, 45, 45, 45, 45, 45, 45, 45, 45, 45, 45, 45, 45, 45, 45, 45, 45, 45, 45, 45, 45, 45, 45, 45, 45, 45, 45, 45, 45, 45, 45, 45, 45, 45, 45, 45, 45, 45, 45, 45, 45, 45, 45, 45, 45, 45, 45, 45, 45, 45, 45, 45, 45], "temperature": 0.0, "avg_logprob": -0.08826236300998264, "compression_ratio": 9.583333333333334, "no_speech_prob": 0.9408205151557922}], "language": "hi"}